"","classif","dist","m","sd","n","ci","method","size"
"1","svc","minkowski",0.270490666666667,0.0267515319899538,15,0.0573763296934603,"Bicubic","10"
"2","svc","polynomial",0.311622666666667,0.0305359192396352,15,0.0654930330885027,"Bicubic","10"
"3","svc","distance",0.287245333333333,0.0305984343359186,15,0.0656271146348053,"Bicubic","10"
"4","svc","cosine",0.410673333333333,0.0444947243528724,15,0.0954316924746128,"Bicubic","10"
"5","svc","ndiff",0.896269333333333,0.00427234707436201,15,0.00916327313125623,"Bicubic","10"
"6","svc","sigmoid",0.899986666666667,5.16397779494265e-05,15,0.000110756308312961,"Bicubic","10"
"7","svc","radial_basis",0.822612,0.0412362463997738,15,0.0884429523379333,"Bicubic","10"
"8","qdc","minkowski",0.9,0,15,0,"Bicubic","10"
"9","qdc","polynomial",0.9,0,15,0,"Bicubic","10"
"10","qdc","distance",0.9,0,15,0,"Bicubic","10"
"11","qdc","cosine",0.9,0,15,0,"Bicubic","10"
"12","qdc","ndiff",0.9,0,15,0,"Bicubic","10"
"13","qdc","sigmoid",0.832962,0.0184494658072105,15,0.0395701686624997,"Bicubic","10"
"14","qdc","radial_basis",0.9,0,15,0,"Bicubic","10"
"15","parzen","minkowski",0.280796,0.00932178385748749,15,0.0199932379251862,"Bicubic","10"
"16","parzen","polynomial",0.366545333333333,0.0198781879264206,15,0.0426344728445154,"Bicubic","10"
"17","parzen","distance",0.271287333333333,0.0159542463969703,15,0.0342184552879824,"Bicubic","10"
"18","parzen","cosine",0.241872666666667,0.0139556263444772,15,0.0299318416051897,"Bicubic","10"
"19","parzen","ndiff",0.48598,0.0233857288594073,15,0.0501573999449119,"Bicubic","10"
"20","parzen","sigmoid",0.675024,0.0373952166154214,15,0.0802047627885584,"Bicubic","10"
"21","parzen","radial_basis",0.388376666666667,0.040557851920201,15,0.0869879408889887,"Bicubic","10"
"22","loglc","minkowski",0.269198,0.0118013922907426,15,0.0253114690840806,"Bicubic","10"
"23","loglc","polynomial",0.788485333333333,0.0463576110050468,15,0.0994271869672963,"Bicubic","10"
"24","loglc","distance",0.18767,0.0161902461818396,15,0.0347246244849216,"Bicubic","10"
"25","loglc","cosine",0.804478666666667,0.0489119507550728,15,0.104905700859571,"Bicubic","10"
"26","loglc","ndiff",0.497783333333333,0.0308004595667631,15,0.0660604156605441,"Bicubic","10"
"27","loglc","sigmoid",0.871266666666667,0.0205679076186549,15,0.0441137744588143,"Bicubic","10"
"28","loglc","radial_basis",0.494012,0.0304104291791014,15,0.0652238836772039,"Bicubic","10"
"29","knnc","minkowski",0.29027,0.0200613957640041,15,0.0430274145756865,"Bicubic","10"
"30","knnc","polynomial",0.393313333333333,0.0311505548372203,15,0.0668112953361236,"Bicubic","10"
"31","knnc","distance",0.283811333333333,0.0222147579217918,15,0.0476459170659755,"Bicubic","10"
"32","knnc","cosine",0.244686666666667,0.0143716147152576,15,0.0308240479251682,"Bicubic","10"
"33","knnc","ndiff",0.514026666666667,0.0326022807411354,15,0.0699249377293462,"Bicubic","10"
"34","knnc","sigmoid",0.593608666666667,0.043377001455127,15,0.0930344152827477,"Bicubic","10"
"35","knnc","radial_basis",0.264531333333333,0.0287607298900693,15,0.0616856306030203,"Bicubic","10"
"36","bpxnc","minkowski",0.845414,0.0746166945892712,15,0.160036893251497,"Bicubic","10"
"37","bpxnc","polynomial",0.887252,0.0298014511151962,15,0.063917755632506,"Bicubic","10"
"38","bpxnc","distance",0.864080666666667,0.0681330993053478,15,0.146130964396692,"Bicubic","10"
"39","bpxnc","cosine",0.862168,0.0712491497894135,15,0.152814227993796,"Bicubic","10"
"40","bpxnc","ndiff",0.896868666666667,0.0132312913022051,15,0.0283782974489322,"Bicubic","10"
"41","bpxnc","sigmoid",0.899294,0.0114670732347635,15,0.0245944260232992,"Bicubic","10"
"42","bpxnc","radial_basis",0.884008,0.0262655470150538,15,0.0563339955887665,"Bicubic","10"
"43","fisher","minkowski",0.268269333333333,0.0124098523455396,15,0.0266164861097389,"Bicubic","10"
"44","fisher","polynomial",0.843156666666667,0.0285596450224705,15,0.0612543464558527,"Bicubic","10"
"45","fisher","distance",0.187711333333333,0.015968429508013,15,0.0342488750357402,"Bicubic","10"
"46","fisher","cosine",0.822862666666667,0.0446131683741578,15,0.0956857296347292,"Bicubic","10"
"47","fisher","ndiff",0.494182,0.0304312814152054,15,0.0652686072756131,"Bicubic","10"
"48","fisher","sigmoid",0.86534,0.0216459026145827,15,0.0464258437757222,"Bicubic","10"
"49","fisher","radial_basis",0.494336666666667,0.0305031798498514,15,0.0654228140811239,"Bicubic","10"
"50","rbsvc","minkowski",NA,NA,15,NA,"Bicubic","10"
"51","rbsvc","polynomial",NA,NA,15,NA,"Bicubic","10"
"52","rbsvc","distance",NA,NA,15,NA,"Bicubic","10"
"53","rbsvc","cosine",NA,NA,15,NA,"Bicubic","10"
"54","rbsvc","ndiff",NA,NA,15,NA,"Bicubic","10"
"55","rbsvc","sigmoid",NA,NA,15,NA,"Bicubic","10"
"56","rbsvc","radial_basis",NA,NA,15,NA,"Bicubic","10"
"57","pksvc","minkowski",NA,NA,15,NA,"Bicubic","10"
"58","pksvc","polynomial",NA,NA,15,NA,"Bicubic","10"
"59","pksvc","distance",NA,NA,15,NA,"Bicubic","10"
"60","pksvc","cosine",NA,NA,15,NA,"Bicubic","10"
"61","pksvc","ndiff",NA,NA,15,NA,"Bicubic","10"
"62","pksvc","sigmoid",NA,NA,15,NA,"Bicubic","10"
"63","pksvc","radial_basis",NA,NA,15,NA,"Bicubic","10"
"64","svc","minkowski",0.373864666666667,0.0393611176646386,15,0.0844212011886832,"Nearest","10"
"65","svc","polynomial",0.392411333333333,0.0257514418089181,15,0.0552313495864575,"Nearest","10"
"66","svc","distance",0.432692666666667,0.03682435907049,15,0.0789803951254922,"Nearest","10"
"67","svc","cosine",0.491428,0.0357697793834804,15,0.0767185466514454,"Nearest","10"
"68","svc","ndiff",0.366114666666667,0.019156923353737,15,0.0410875141905567,"Nearest","10"
"69","svc","sigmoid",0.898956,0.00204870272541989,15,0.00439403033298149,"Nearest","10"
"70","svc","radial_basis",0.885474666666667,0.0231757415867376,15,0.0497070220378578,"Nearest","10"
"71","qdc","minkowski",0.9,0,15,0,"Nearest","10"
"72","qdc","polynomial",0.9,0,15,0,"Nearest","10"
"73","qdc","distance",0.9,0,15,0,"Nearest","10"
"74","qdc","cosine",0.9,0,15,0,"Nearest","10"
"75","qdc","ndiff",0.9,0,15,0,"Nearest","10"
"76","qdc","sigmoid",0.861724666666667,0.0222540968512916,15,0.0477302906782837,"Nearest","10"
"77","qdc","radial_basis",0.9,0,15,0,"Nearest","10"
"78","parzen","minkowski",0.331010666666667,0.0209028338703039,15,0.0448321198247852,"Nearest","10"
"79","parzen","polynomial",0.404626666666667,0.0241293702678667,15,0.0517523521383601,"Nearest","10"
"80","parzen","distance",0.31808,0.0186317762361586,15,0.0399611856435763,"Nearest","10"
"81","parzen","cosine",0.326442666666667,0.0191113008702281,15,0.0409896636952572,"Nearest","10"
"82","parzen","ndiff",0.336524,0.0132399146522929,15,0.0283967926954057,"Nearest","10"
"83","parzen","sigmoid",0.714262,0.0236556710808574,15,0.0507363684279852,"Nearest","10"
"84","parzen","radial_basis",0.380795333333333,0.0468967334937195,15,0.100583489704159,"Nearest","10"
"85","loglc","minkowski",0.845078,0.0342268618819446,15,0.0734093177335962,"Nearest","10"
"86","loglc","polynomial",0.836007333333333,0.0348441408205714,15,0.0747332493838948,"Nearest","10"
"87","loglc","distance",0.275394666666667,0.0171591936484984,15,0.036802810112703,"Nearest","10"
"88","loglc","cosine",0.856236,0.0382649665957182,15,0.0820701909681158,"Nearest","10"
"89","loglc","ndiff",0.821535333333333,0.0340859935345604,15,0.0731071851773775,"Nearest","10"
"90","loglc","sigmoid",0.876066666666667,0.0168008301949069,15,0.0360341969480038,"Nearest","10"
"91","loglc","radial_basis",0.640405333333333,0.041637445349566,15,0.0893034385046542,"Nearest","10"
"92","knnc","minkowski",0.347724,0.0370943351085157,15,0.0795594361379064,"Nearest","10"
"93","knnc","polynomial",0.420384666666667,0.0346573912682967,15,0.0743327114302015,"Nearest","10"
"94","knnc","distance",0.326605333333333,0.0205260405571162,15,0.0440239785425639,"Nearest","10"
"95","knnc","cosine",0.337056666666667,0.0236955401670763,15,0.0508218791133668,"Nearest","10"
"96","knnc","ndiff",0.347972666666667,0.0270922773568586,15,0.0581071558203672,"Nearest","10"
"97","knnc","sigmoid",0.658539333333333,0.0229481513312905,15,0.0492188894876751,"Nearest","10"
"98","knnc","radial_basis",0.334477333333333,0.0195653116753192,15,0.0419634200261874,"Nearest","10"
"99","bpxnc","minkowski",0.876236666666667,0.0440217343506375,15,0.0944172298143012,"Nearest","10"
"100","bpxnc","polynomial",0.862034,0.0598036514413149,15,0.128266075500209,"Nearest","10"
"101","bpxnc","distance",0.890209333333333,0.0224589977090528,15,0.0481697593103529,"Nearest","10"
"102","bpxnc","cosine",0.877393333333333,0.0670464598689027,15,0.143800354598838,"Nearest","10"
"103","bpxnc","ndiff",0.85066,0.0617856291659199,15,0.132516994939691,"Nearest","10"
"104","bpxnc","sigmoid",0.888344,0.0257432686902255,15,0.0552138199902868,"Nearest","10"
"105","bpxnc","radial_basis",0.899326666666667,0.00131264001520745,15,0.00281533283064517,"Nearest","10"
"106","fisher","minkowski",0.854377333333333,0.0383330911627961,15,0.0822163036327048,"Nearest","10"
"107","fisher","polynomial",0.847582,0.039027469849545,15,0.0837055977964175,"Nearest","10"
"108","fisher","distance",0.275831333333333,0.0174025818555206,15,0.0373248258991205,"Nearest","10"
"109","fisher","cosine",0.861144666666667,0.0435870717835767,15,0.093484971326733,"Nearest","10"
"110","fisher","ndiff",0.824371333333333,0.0344965875883122,15,0.0739878218380026,"Nearest","10"
"111","fisher","sigmoid",0.874429333333333,0.0160267198616501,15,0.034373895410255,"Nearest","10"
"112","fisher","radial_basis",0.640196,0.0417027350593288,15,0.0894434710050115,"Nearest","10"
"113","rbsvc","minkowski",NA,NA,15,NA,"Nearest","10"
"114","rbsvc","polynomial",NA,NA,15,NA,"Nearest","10"
"115","rbsvc","distance",NA,NA,15,NA,"Nearest","10"
"116","rbsvc","cosine",NA,NA,15,NA,"Nearest","10"
"117","rbsvc","ndiff",NA,NA,15,NA,"Nearest","10"
"118","rbsvc","sigmoid",NA,NA,15,NA,"Nearest","10"
"119","rbsvc","radial_basis",NA,NA,15,NA,"Nearest","10"
"120","pksvc","minkowski",NA,NA,15,NA,"Nearest","10"
"121","pksvc","polynomial",NA,NA,15,NA,"Nearest","10"
"122","pksvc","distance",NA,NA,15,NA,"Nearest","10"
"123","pksvc","cosine",NA,NA,15,NA,"Nearest","10"
"124","pksvc","ndiff",NA,NA,15,NA,"Nearest","10"
"125","pksvc","sigmoid",NA,NA,15,NA,"Nearest","10"
"126","pksvc","radial_basis",NA,NA,15,NA,"Nearest","10"
"127","svc","minkowski",0.286439333333333,0.0221784877967904,15,0.0475681253847035,"Bicubic","13"
"128","svc","polynomial",0.325406666666667,0.0288550467649859,15,0.0618879201807875,"Bicubic","13"
"129","svc","distance",0.298686666666667,0.0334495784015,15,0.0717422104720001,"Bicubic","13"
"130","svc","cosine",0.444235333333333,0.0519722194840209,15,0.11146932449087,"Bicubic","13"
"131","svc","ndiff",0.837967333333333,0.0499425007192795,15,0.107116010704036,"Bicubic","13"
"132","svc","sigmoid",0.9,0,15,0,"Bicubic","13"
"133","svc","radial_basis",0.885675333333333,0.0205061119344128,15,0.043981235897881,"Bicubic","13"
"134","qdc","minkowski",0.9,0,15,0,"Bicubic","13"
"135","qdc","polynomial",0.9,0,15,0,"Bicubic","13"
"136","qdc","distance",0.9,0,15,0,"Bicubic","13"
"137","qdc","cosine",0.9,0,15,0,"Bicubic","13"
"138","qdc","ndiff",0.9,0,15,0,"Bicubic","13"
"139","qdc","sigmoid",0.843628666666667,0.0123187243464496,15,0.026421035990394,"Bicubic","13"
"140","qdc","radial_basis",0.9,0,15,0,"Bicubic","13"
"141","parzen","minkowski",0.280411333333333,0.0176024218571791,15,0.037753440074391,"Bicubic","13"
"142","parzen","polynomial",0.365380666666667,0.0203940812375505,15,0.0437409539506126,"Bicubic","13"
"143","parzen","distance",0.271265333333333,0.0195948279862193,15,0.0420267262168824,"Bicubic","13"
"144","parzen","cosine",0.261912666666667,0.0218771692693112,15,0.0469218614181432,"Bicubic","13"
"145","parzen","ndiff",0.43814,0.0203293373512975,15,0.043602092125253,"Bicubic","13"
"146","parzen","sigmoid",0.776202666666667,0.0256434192245069,15,0.0549996641854178,"Bicubic","13"
"147","parzen","radial_basis",0.402397333333333,0.0663491258922577,15,0.142304721968697,"Bicubic","13"
"148","loglc","minkowski",0.273960666666667,0.0246572334987022,15,0.0528845061688975,"Bicubic","13"
"149","loglc","polynomial",0.504809333333333,0.0493247209052515,15,0.105791004782844,"Bicubic","13"
"150","loglc","distance",0.196222666666667,0.0143265335587337,15,0.0307273584607798,"Bicubic","13"
"151","loglc","cosine",0.474776,0.0285918556835434,15,0.0613234314529308,"Bicubic","13"
"152","loglc","ndiff",0.433622,0.0251378829657551,15,0.0539153967473872,"Bicubic","13"
"153","loglc","sigmoid",0.851784,0.0149461002080332,15,0.0320561967624752,"Bicubic","13"
"154","loglc","radial_basis",0.633643333333333,0.0484798630753999,15,0.103978964956196,"Bicubic","13"
"155","knnc","minkowski",0.299219333333333,0.0275527912681577,15,0.0590948599269225,"Bicubic","13"
"156","knnc","polynomial",0.384688,0.0360356710575983,15,0.0772888275745217,"Bicubic","13"
"157","knnc","distance",0.292181333333333,0.0361006204669011,15,0.0774281302029825,"Bicubic","13"
"158","knnc","cosine",0.285954,0.0314759910317145,15,0.0675092865538414,"Bicubic","13"
"159","knnc","ndiff",0.453246,0.0286018855022831,15,0.0613449432746461,"Bicubic","13"
"160","knnc","sigmoid",0.655138,0.0388108425940116,15,0.0832409785425094,"Bicubic","13"
"161","knnc","radial_basis",0.275792666666667,0.0210479535709249,15,0.0451433706268317,"Bicubic","13"
"162","bpxnc","minkowski",0.862787333333333,0.0695320440482215,15,0.14913140245834,"Bicubic","13"
"163","bpxnc","polynomial",0.880364,0.0437313458680221,15,0.093794408462463,"Bicubic","13"
"164","bpxnc","distance",0.884673333333333,0.0548536956258147,15,0.117649476161342,"Bicubic","13"
"165","bpxnc","cosine",0.864121333333333,0.0833432178975819,15,0.178753424274966,"Bicubic","13"
"166","bpxnc","ndiff",0.888309333333333,0.031849742871056,15,0.0683109045234458,"Bicubic","13"
"167","bpxnc","sigmoid",0.90035,0.010897308317719,15,0.0233724018139797,"Bicubic","13"
"168","bpxnc","radial_basis",0.899562,0.00109781731501323,15,0.00235458396300604,"Bicubic","13"
"169","fisher","minkowski",0.272600666666667,0.0250834406009413,15,0.0537986294880759,"Bicubic","13"
"170","fisher","polynomial",0.505199333333333,0.0484105750647029,15,0.10383035695322,"Bicubic","13"
"171","fisher","distance",0.196087333333333,0.0140514145025976,15,0.0301372867715865,"Bicubic","13"
"172","fisher","cosine",0.472470666666667,0.0281804449591421,15,0.0604410432079684,"Bicubic","13"
"173","fisher","ndiff",0.42837,0.0258642969582175,15,0.0554733998083377,"Bicubic","13"
"174","fisher","sigmoid",0.864147333333333,0.0194739919844269,15,0.0417675587688168,"Bicubic","13"
"175","fisher","radial_basis",0.633724666666667,0.0489264460866173,15,0.104936790253705,"Bicubic","13"
"176","rbsvc","minkowski",NA,NA,15,NA,"Bicubic","13"
"177","rbsvc","polynomial",NA,NA,15,NA,"Bicubic","13"
"178","rbsvc","distance",NA,NA,15,NA,"Bicubic","13"
"179","rbsvc","cosine",NA,NA,15,NA,"Bicubic","13"
"180","rbsvc","ndiff",NA,NA,15,NA,"Bicubic","13"
"181","rbsvc","sigmoid",NA,NA,15,NA,"Bicubic","13"
"182","rbsvc","radial_basis",NA,NA,15,NA,"Bicubic","13"
"183","pksvc","minkowski",NA,NA,15,NA,"Bicubic","13"
"184","pksvc","polynomial",NA,NA,15,NA,"Bicubic","13"
"185","pksvc","distance",NA,NA,15,NA,"Bicubic","13"
"186","pksvc","cosine",NA,NA,15,NA,"Bicubic","13"
"187","pksvc","ndiff",NA,NA,15,NA,"Bicubic","13"
"188","pksvc","sigmoid",NA,NA,15,NA,"Bicubic","13"
"189","pksvc","radial_basis",NA,NA,15,NA,"Bicubic","13"
"190","svc","minkowski",0.337588,0.0272732430886286,15,0.0584952887128369,"Nearest","13"
"191","svc","polynomial",0.375286666666667,0.0391086690548029,15,0.0838797527709241,"Nearest","13"
"192","svc","distance",0.402074,0.0386276819318552,15,0.0828481379925661,"Nearest","13"
"193","svc","cosine",0.49701,0.0433167508015087,15,0.0929051904829286,"Nearest","13"
"194","svc","ndiff",0.337535333333333,0.0177462426070046,15,0.0380619049040633,"Nearest","13"
"195","svc","sigmoid",0.897945333333333,0.00706297778830538,15,0.0151485807374165,"Nearest","13"
"196","svc","radial_basis",0.899535333333333,0.00123987249728504,15,0.00265926202689235,"Nearest","13"
"197","qdc","minkowski",0.9,0,15,0,"Nearest","13"
"198","qdc","polynomial",0.9,0,15,0,"Nearest","13"
"199","qdc","distance",0.9,0,15,0,"Nearest","13"
"200","qdc","cosine",0.9,0,15,0,"Nearest","13"
"201","qdc","ndiff",0.9,0,15,0,"Nearest","13"
"202","qdc","sigmoid",0.846982666666667,0.0127642891731282,15,0.0273766774992588,"Nearest","13"
"203","qdc","radial_basis",0.9,0,15,0,"Nearest","13"
"204","parzen","minkowski",0.312174666666667,0.0186282795259046,15,0.0399536859459721,"Nearest","13"
"205","parzen","polynomial",0.387650666666667,0.0215039639092313,15,0.0461214155299842,"Nearest","13"
"206","parzen","distance",0.302343333333333,0.018526042159491,15,0.0397344086034803,"Nearest","13"
"207","parzen","cosine",0.309583333333333,0.0190515554920502,15,0.0408615226034765,"Nearest","13"
"208","parzen","ndiff",0.319845333333333,0.0151609978312146,15,0.0325171063239399,"Nearest","13"
"209","parzen","sigmoid",0.791528,0.0157363606248168,15,0.0337511367843811,"Nearest","13"
"210","parzen","radial_basis",0.422188666666667,0.034954137271301,15,0.0749691683071379,"Nearest","13"
"211","loglc","minkowski",0.540336,0.0393564661232978,15,0.0844112246247371,"Nearest","13"
"212","loglc","polynomial",0.52534,0.0300485207622605,15,0.0644476673225181,"Nearest","13"
"213","loglc","distance",0.251885333333333,0.0157817194729792,15,0.0338484218380989,"Nearest","13"
"214","loglc","cosine",0.514544666666667,0.0223223871824635,15,0.0478767588714947,"Nearest","13"
"215","loglc","ndiff",0.528115333333333,0.0289506641588426,15,0.0620929990942648,"Nearest","13"
"216","loglc","sigmoid",0.865737333333333,0.0210423805234873,15,0.0451314176288764,"Nearest","13"
"217","loglc","radial_basis",0.702425333333333,0.0492172968821018,15,0.10556060316803,"Nearest","13"
"218","knnc","minkowski",0.325696,0.0317559694725709,15,0.0681097805866943,"Nearest","13"
"219","knnc","polynomial",0.409071333333333,0.0272107005912503,15,0.0583611483970307,"Nearest","13"
"220","knnc","distance",0.305986666666667,0.0193229318489223,15,0.0414435670011115,"Nearest","13"
"221","knnc","cosine",0.312578,0.0196227703737993,15,0.0420866566777927,"Nearest","13"
"222","knnc","ndiff",0.338443333333333,0.0323472972301433,15,0.0693780524893319,"Nearest","13"
"223","knnc","sigmoid",0.695339333333333,0.0234293794401897,15,0.0502510211294939,"Nearest","13"
"224","knnc","radial_basis",0.399732,0.0159023655922184,15,0.0341071820285921,"Nearest","13"
"225","bpxnc","minkowski",0.892786666666667,0.0190919551743909,15,0.0409481713043571,"Nearest","13"
"226","bpxnc","polynomial",0.839428666666667,0.0806317870557854,15,0.172937983500272,"Nearest","13"
"227","bpxnc","distance",0.875286666666667,0.0689709115359166,15,0.147927892915791,"Nearest","13"
"228","bpxnc","cosine",0.864041333333333,0.0638503228391734,15,0.136945322444713,"Nearest","13"
"229","bpxnc","ndiff",0.871677333333333,0.0478473091446212,15,0.102622271706071,"Nearest","13"
"230","bpxnc","sigmoid",0.8946,0.0125085919043101,15,0.0268282614009607,"Nearest","13"
"231","bpxnc","radial_basis",0.899946,0.000183295234136465,15,0.000393129178134668,"Nearest","13"
"232","fisher","minkowski",0.537738,0.0388764988135506,15,0.0833817971281556,"Nearest","13"
"233","fisher","polynomial",0.524766666666667,0.0309462302496874,15,0.0663730626807687,"Nearest","13"
"234","fisher","distance",0.251858666666667,0.0158344398009378,15,0.0339614956956873,"Nearest","13"
"235","fisher","cosine",0.513480666666667,0.022328834166568,15,0.0478905862771793,"Nearest","13"
"236","fisher","ndiff",0.525805333333333,0.0266925406558961,15,0.0572498058654708,"Nearest","13"
"237","fisher","sigmoid",0.87231,0.0163981623534904,15,0.035170560322081,"Nearest","13"
"238","fisher","radial_basis",0.707945333333333,0.0414790239358,15,0.0889636583653277,"Nearest","13"
"239","rbsvc","minkowski",NA,NA,15,NA,"Nearest","13"
"240","rbsvc","polynomial",NA,NA,15,NA,"Nearest","13"
"241","rbsvc","distance",NA,NA,15,NA,"Nearest","13"
"242","rbsvc","cosine",NA,NA,15,NA,"Nearest","13"
"243","rbsvc","ndiff",NA,NA,15,NA,"Nearest","13"
"244","rbsvc","sigmoid",NA,NA,15,NA,"Nearest","13"
"245","rbsvc","radial_basis",NA,NA,15,NA,"Nearest","13"
"246","pksvc","minkowski",NA,NA,15,NA,"Nearest","13"
"247","pksvc","polynomial",NA,NA,15,NA,"Nearest","13"
"248","pksvc","distance",NA,NA,15,NA,"Nearest","13"
"249","pksvc","cosine",NA,NA,15,NA,"Nearest","13"
"250","pksvc","ndiff",NA,NA,15,NA,"Nearest","13"
"251","pksvc","sigmoid",NA,NA,15,NA,"Nearest","13"
"252","pksvc","radial_basis",NA,NA,15,NA,"Nearest","13"
"253","svc","minkowski",0.285270666666667,0.0191729949470106,15,0.0411219843298637,"Bicubic","16"
"254","svc","polynomial",0.325198666666667,0.0288748607582707,15,0.0619304169698193,"Bicubic","16"
"255","svc","distance",0.316800666666667,0.0313741926399632,15,0.0672909507183619,"Bicubic","16"
"256","svc","cosine",0.448012666666667,0.0438967832317499,15,0.0941492363178706,"Bicubic","16"
"257","svc","ndiff",0.805704,0.0401357378689581,15,0.0860825962910998,"Bicubic","16"
"258","svc","sigmoid",0.89996,9.10258989832699e-05,15,0.000195231136395068,"Bicubic","16"
"259","svc","radial_basis",0.895092,0.0128310216718256,15,0.0275198044741163,"Bicubic","16"
"260","qdc","minkowski",0.9,0,15,0,"Bicubic","16"
"261","qdc","polynomial",0.9,0,15,0,"Bicubic","16"
"262","qdc","distance",0.9,0,15,0,"Bicubic","16"
"263","qdc","cosine",0.9,0,15,0,"Bicubic","16"
"264","qdc","ndiff",0.9,0,15,0,"Bicubic","16"
"265","qdc","sigmoid",0.866929333333333,0.0237212669700981,15,0.0508770576180107,"Bicubic","16"
"266","qdc","radial_basis",0.9,0,15,0,"Bicubic","16"
"267","parzen","minkowski",0.283036666666667,0.0101758282686168,15,0.021824981009067,"Bicubic","16"
"268","parzen","polynomial",0.367394666666667,0.0202149254854168,15,0.0433567030783722,"Bicubic","16"
"269","parzen","distance",0.273898666666667,0.0153274347246398,15,0.0328740779573366,"Bicubic","16"
"270","parzen","cosine",0.262612666666667,0.0134996663803574,15,0.0289539047439221,"Bicubic","16"
"271","parzen","ndiff",0.407811333333333,0.0179171513467111,15,0.0384284676938346,"Bicubic","16"
"272","parzen","sigmoid",0.816410666666667,0.0286434446418789,15,0.0614340787640124,"Bicubic","16"
"273","parzen","radial_basis",0.565434666666667,0.0323912298241948,15,0.0694722785322193,"Bicubic","16"
"274","loglc","minkowski",0.28858,0.0104381676005486,15,0.0223876429159116,"Bicubic","16"
"275","loglc","polynomial",0.429912666666667,0.0247943379097114,15,0.0531785658844848,"Bicubic","16"
"276","loglc","distance",0.212922666666667,0.0147989939168979,15,0.0317406851475392,"Bicubic","16"
"277","loglc","cosine",0.417434666666667,0.0351835783258259,15,0.0754612704265447,"Bicubic","16"
"278","loglc","ndiff",0.378343333333333,0.0197614724967067,15,0.0423841431445903,"Bicubic","16"
"279","loglc","sigmoid",0.880457333333333,0.0227361400376036,15,0.0487641704872873,"Bicubic","16"
"280","loglc","radial_basis",0.684539333333333,0.0329911768435715,15,0.0707590369128343,"Bicubic","16"
"281","knnc","minkowski",0.291562,0.0188054415377191,15,0.0403336606705165,"Bicubic","16"
"282","knnc","polynomial",0.394504,0.0293270601030126,15,0.0629002881047068,"Bicubic","16"
"283","knnc","distance",0.290564666666667,0.0220432425235577,15,0.0472780531230701,"Bicubic","16"
"284","knnc","cosine",0.265616,0.0137419861321842,15,0.0294736289218597,"Bicubic","16"
"285","knnc","ndiff",0.437851333333333,0.0347301688257726,15,0.074488803766655,"Bicubic","16"
"286","knnc","sigmoid",0.705576,0.0199148066953783,15,0.0427130122927038,"Bicubic","16"
"287","knnc","radial_basis",0.498308,0.0275056257102849,15,0.0589936998662687,"Bicubic","16"
"288","bpxnc","minkowski",0.864634,0.0580492913454961,15,0.124503347320882,"Bicubic","16"
"289","bpxnc","polynomial",0.888653333333333,0.0265531950368815,15,0.0569509392367885,"Bicubic","16"
"290","bpxnc","distance",0.862955333333333,0.06229308398515,15,0.133605377280696,"Bicubic","16"
"291","bpxnc","cosine",0.865764,0.0660354978996686,15,0.141632056825233,"Bicubic","16"
"292","bpxnc","ndiff",0.888976,0.0366756154491159,15,0.0786613717864563,"Bicubic","16"
"293","bpxnc","sigmoid",0.90047,0.00932420582600547,15,0.0199984325310222,"Bicubic","16"
"294","bpxnc","radial_basis",0.899656666666667,0.00116735149968189,15,0.00250371995663859,"Bicubic","16"
"295","fisher","minkowski",0.288418,0.0109489465899041,15,0.0234831548927492,"Bicubic","16"
"296","fisher","polynomial",0.429454,0.0237452502919757,15,0.0509284967275058,"Bicubic","16"
"297","fisher","distance",0.213051333333333,0.0143466217360776,15,0.0307704433161315,"Bicubic","16"
"298","fisher","cosine",0.416888666666667,0.0350350061401178,15,0.0751426147804433,"Bicubic","16"
"299","fisher","ndiff",0.371662666666667,0.0195521217214277,15,0.0419351303886666,"Bicubic","16"
"300","fisher","sigmoid",0.863946,0.0160601911570193,15,0.0344456841989902,"Bicubic","16"
"301","fisher","radial_basis",0.688962,0.0303084866002907,15,0.0650052385912386,"Bicubic","16"
"302","rbsvc","minkowski",NA,NA,15,NA,"Bicubic","16"
"303","rbsvc","polynomial",NA,NA,15,NA,"Bicubic","16"
"304","rbsvc","distance",NA,NA,15,NA,"Bicubic","16"
"305","rbsvc","cosine",NA,NA,15,NA,"Bicubic","16"
"306","rbsvc","ndiff",NA,NA,15,NA,"Bicubic","16"
"307","rbsvc","sigmoid",NA,NA,15,NA,"Bicubic","16"
"308","rbsvc","radial_basis",NA,NA,15,NA,"Bicubic","16"
"309","pksvc","minkowski",NA,NA,15,NA,"Bicubic","16"
"310","pksvc","polynomial",NA,NA,15,NA,"Bicubic","16"
"311","pksvc","distance",NA,NA,15,NA,"Bicubic","16"
"312","pksvc","cosine",NA,NA,15,NA,"Bicubic","16"
"313","pksvc","ndiff",NA,NA,15,NA,"Bicubic","16"
"314","pksvc","sigmoid",NA,NA,15,NA,"Bicubic","16"
"315","pksvc","radial_basis",NA,NA,15,NA,"Bicubic","16"
"316","svc","minkowski",0.329078666666667,0.027760085648969,15,0.0595394621553668,"Nearest","16"
"317","svc","polynomial",0.366860666666667,0.0283189700344049,15,0.0607381499453349,"Nearest","16"
"318","svc","distance",0.393583333333333,0.0378251778707302,15,0.0811269379652653,"Nearest","16"
"319","svc","cosine",0.494504,0.0639381565934726,15,0.137133707111684,"Nearest","16"
"320","svc","ndiff",0.324652666666667,0.0356498187666535,15,0.0764612567174006,"Nearest","16"
"321","svc","sigmoid",0.898060666666667,0.00728841200288577,15,0.0156320890398497,"Nearest","16"
"322","svc","radial_basis",0.899864666666667,0.000278205131581186,15,0.000596690662725749,"Nearest","16"
"323","qdc","minkowski",0.9,0,15,0,"Nearest","16"
"324","qdc","polynomial",0.9,0,15,0,"Nearest","16"
"325","qdc","distance",0.9,0,15,0,"Nearest","16"
"326","qdc","cosine",0.9,0,15,0,"Nearest","16"
"327","qdc","ndiff",0.9,0,15,0,"Nearest","16"
"328","qdc","sigmoid",0.873058,0.0129999924175802,15,0.0278822106802584,"Nearest","16"
"329","qdc","radial_basis",0.9,0,15,0,"Nearest","16"
"330","parzen","minkowski",0.304203333333333,0.0154989233112989,15,0.0332418843951328,"Nearest","16"
"331","parzen","polynomial",0.369958666666667,0.0159794398554905,15,0.0342724898824392,"Nearest","16"
"332","parzen","distance",0.294007333333333,0.0145244894017295,15,0.0311519315176326,"Nearest","16"
"333","parzen","cosine",0.288687333333333,0.0186742287913686,15,0.0400522373188588,"Nearest","16"
"334","parzen","ndiff",0.307487333333333,0.021694733220849,15,0.0465305750100051,"Nearest","16"
"335","parzen","sigmoid",0.825541333333333,0.0143982577649751,15,0.0308811915835278,"Nearest","16"
"336","parzen","radial_basis",0.686114,0.021100063574718,15,0.0452551354692746,"Nearest","16"
"337","loglc","minkowski",0.423401333333333,0.0228609791899606,15,0.0490319238393933,"Nearest","16"
"338","loglc","polynomial",0.413239333333333,0.0218888613117222,15,0.0469469383550608,"Nearest","16"
"339","loglc","distance",0.244585333333333,0.0164550308705995,15,0.0352925311605382,"Nearest","16"
"340","loglc","cosine",0.411177333333333,0.0245289911465324,15,0.0526094536791364,"Nearest","16"
"341","loglc","ndiff",0.429804666666667,0.0350933021421196,15,0.0752676472694955,"Nearest","16"
"342","loglc","sigmoid",0.881246666666667,0.0160520789337468,15,0.034428285210506,"Nearest","16"
"343","loglc","radial_basis",0.785952666666667,0.027296273023114,15,0.0585446830097448,"Nearest","16"
"344","knnc","minkowski",0.312746,0.0219093622519167,15,0.0469909084986799,"Nearest","16"
"345","knnc","polynomial",0.411615333333333,0.0364320931649686,15,0.0781390684332059,"Nearest","16"
"346","knnc","distance",0.315232666666667,0.029597608124081,15,0.0634805558987368,"Nearest","16"
"347","knnc","cosine",0.312444666666667,0.0420557993056617,15,0.090200718500526,"Nearest","16"
"348","knnc","ndiff",0.323785333333333,0.0344861466734246,15,0.0739654283027419,"Nearest","16"
"349","knnc","sigmoid",0.704445333333333,0.0283496003667138,15,0.0608038454743175,"Nearest","16"
"350","knnc","radial_basis",0.682600666666667,0.0121686039031756,15,0.0260990596620757,"Nearest","16"
"351","bpxnc","minkowski",0.888928666666667,0.039958079438093,15,0.085701556853584,"Nearest","16"
"352","bpxnc","polynomial",0.859111333333333,0.0598211845976546,15,0.128303680380523,"Nearest","16"
"353","bpxnc","distance",0.858317333333333,0.085760451630163,15,0.183937875006192,"Nearest","16"
"354","bpxnc","cosine",0.878115333333333,0.0456343762759527,15,0.0978760027480955,"Nearest","16"
"355","bpxnc","ndiff",0.867071333333333,0.0446365666669103,15,0.0957359139815447,"Nearest","16"
"356","bpxnc","sigmoid",0.898174666666667,0.0142567988125299,15,0.0305777923054364,"Nearest","16"
"357","bpxnc","radial_basis",0.899986666666667,5.16397779494265e-05,15,0.000110756308312961,"Nearest","16"
"358","fisher","minkowski",0.422269333333333,0.0226105861637125,15,0.048494884209949,"Nearest","16"
"359","fisher","polynomial",0.415778,0.0207666099441249,15,0.0445399485613406,"Nearest","16"
"360","fisher","distance",0.244552666666667,0.0169456861205216,15,0.0363448820089282,"Nearest","16"
"361","fisher","cosine",0.410707333333333,0.0244410224437366,15,0.0524207795764266,"Nearest","16"
"362","fisher","ndiff",0.427799333333333,0.0332741178839106,15,0.0713658850896192,"Nearest","16"
"363","fisher","sigmoid",0.84998,0.0153927004963856,15,0.0330140591157535,"Nearest","16"
"364","fisher","radial_basis",0.809669333333333,0.0213502256484117,15,0.0457916797547546,"Nearest","16"
"365","rbsvc","minkowski",NA,NA,15,NA,"Nearest","16"
"366","rbsvc","polynomial",NA,NA,15,NA,"Nearest","16"
"367","rbsvc","distance",NA,NA,15,NA,"Nearest","16"
"368","rbsvc","cosine",NA,NA,15,NA,"Nearest","16"
"369","rbsvc","ndiff",NA,NA,15,NA,"Nearest","16"
"370","rbsvc","sigmoid",NA,NA,15,NA,"Nearest","16"
"371","rbsvc","radial_basis",NA,NA,15,NA,"Nearest","16"
"372","pksvc","minkowski",NA,NA,15,NA,"Nearest","16"
"373","pksvc","polynomial",NA,NA,15,NA,"Nearest","16"
"374","pksvc","distance",NA,NA,15,NA,"Nearest","16"
"375","pksvc","cosine",NA,NA,15,NA,"Nearest","16"
"376","pksvc","ndiff",NA,NA,15,NA,"Nearest","16"
"377","pksvc","sigmoid",NA,NA,15,NA,"Nearest","16"
"378","pksvc","radial_basis",NA,NA,15,NA,"Nearest","16"
"379","svc","minkowski",0.295125333333333,0.0295008893005585,15,0.0632731146535747,"Bicubic","4"
"380","svc","polynomial",0.386316666666667,0.0385811903961108,15,0.0827484235656007,"Bicubic","4"
"381","svc","distance",0.279866,0.0290574315058005,15,0.0623219922787242,"Bicubic","4"
"382","svc","cosine",0.508148,0.0515780744115171,15,0.110623967386256,"Bicubic","4"
"383","svc","ndiff",0.899717333333333,0.00109476329252797,15,0.00234803373623505,"Bicubic","4"
"384","svc","sigmoid",0.888801333333333,0.0427346179288386,15,0.0916566396470264,"Bicubic","4"
"385","svc","radial_basis",0.35297,0.0673931708070526,15,0.144543975603537,"Bicubic","4"
"386","qdc","minkowski",0.9,0,15,0,"Bicubic","4"
"387","qdc","polynomial",0.899885333333333,0.000293376079136545,15,0.000629229109085582,"Bicubic","4"
"388","qdc","distance",0.9,0,15,0,"Bicubic","4"
"389","qdc","cosine",0.89835,0.0051963421200467,15,0.0111450454049427,"Bicubic","4"
"390","qdc","ndiff",0.9,0,15,0,"Bicubic","4"
"391","qdc","sigmoid",0.892276,0.0214913952216097,15,0.0460944583760888,"Bicubic","4"
"392","qdc","radial_basis",0.9,0,15,0,"Bicubic","4"
"393","parzen","minkowski",0.324148666666667,0.0225758736159602,15,0.0484204331996263,"Bicubic","4"
"394","parzen","polynomial",0.444242666666667,0.0328723497501356,15,0.0705041781446689,"Bicubic","4"
"395","parzen","distance",0.314776,0.0230695361276047,15,0.0494792339829253,"Bicubic","4"
"396","parzen","cosine",0.271346666666667,0.0219790867048873,15,0.0471404525772334,"Bicubic","4"
"397","parzen","ndiff",0.897912,0.00202196227179726,15,0.00433667776402281,"Bicubic","4"
"398","parzen","sigmoid",0.443085333333333,0.0127435775794637,15,0.0273322555488815,"Bicubic","4"
"399","parzen","radial_basis",0.315784666666667,0.0133836066389694,15,0.02870498135559,"Bicubic","4"
"400","loglc","minkowski",0.347388,0.0194145914198574,15,0.0416401572286733,"Bicubic","4"
"401","loglc","polynomial",0.374998,0.108715172301622,15,0.23317085432721,"Bicubic","4"
"402","loglc","distance",0.180196,0.0211474384804807,15,0.0453567445364956,"Bicubic","4"
"403","loglc","cosine",0.307548666666667,0.0246600019889545,15,0.0528904439899361,"Bicubic","4"
"404","loglc","ndiff",0.897912,0.00202196227179726,15,0.00433667776402281,"Bicubic","4"
"405","loglc","sigmoid",0.704888,0.052182997395156,15,0.11192139814878,"Bicubic","4"
"406","loglc","radial_basis",0.249002666666667,0.0377046941879857,15,0.0808685261664036,"Bicubic","4"
"407","knnc","minkowski",0.347057333333333,0.02643762131797,15,0.056703058262994,"Bicubic","4"
"408","knnc","polynomial",0.461144,0.0303937899672191,15,0.0651881961170612,"Bicubic","4"
"409","knnc","distance",0.337637333333333,0.0295311185668529,15,0.0633379499815084,"Bicubic","4"
"410","knnc","cosine",0.289711333333333,0.0270560109156296,15,0.0580293720400011,"Bicubic","4"
"411","knnc","ndiff",0.897912,0.00202196227179726,15,0.00433667776402281,"Bicubic","4"
"412","knnc","sigmoid",0.455407333333333,0.0203006771409466,15,0.0435406220876196,"Bicubic","4"
"413","knnc","radial_basis",0.331050666666667,0.0167556167412886,15,0.0359372237345686,"Bicubic","4"
"414","bpxnc","minkowski",0.876402666666667,0.0544370208152329,15,0.116755797574416,"Bicubic","4"
"415","bpxnc","polynomial",0.89398,0.0161645166955279,15,0.0346694402251933,"Bicubic","4"
"416","bpxnc","distance",0.887462,0.0463651397988988,15,0.0994433346241261,"Bicubic","4"
"417","bpxnc","cosine",0.866148,0.076183236457523,15,0.16339679139659,"Bicubic","4"
"418","bpxnc","ndiff",0.9,0,15,0,"Bicubic","4"
"419","bpxnc","sigmoid",0.880828,0.0347334637325036,15,0.0744958706387496,"Bicubic","4"
"420","bpxnc","radial_basis",0.827185333333333,0.107621255924035,15,0.230824637042866,"Bicubic","4"
"421","fisher","minkowski",0.346841333333333,0.0197850531125561,15,0.0424347185355571,"Bicubic","4"
"422","fisher","polynomial",0.266180666666667,0.0190991774193351,15,0.0409636614791701,"Bicubic","4"
"423","fisher","distance",0.179913333333333,0.0197450947494983,15,0.0423490163703997,"Bicubic","4"
"424","fisher","cosine",0.239474,0.0212074460643291,15,0.0454854480035079,"Bicubic","4"
"425","fisher","ndiff",0.897912,0.00202196227179726,15,0.00433667776402281,"Bicubic","4"
"426","fisher","sigmoid",0.706216666666667,0.0573722413798902,15,0.123051219567595,"Bicubic","4"
"427","fisher","radial_basis",0.238720666666667,0.0305666179882252,15,0.0655588753558144,"Bicubic","4"
"428","rbsvc","minkowski",NA,NA,15,NA,"Bicubic","4"
"429","rbsvc","polynomial",NA,NA,15,NA,"Bicubic","4"
"430","rbsvc","distance",NA,NA,15,NA,"Bicubic","4"
"431","rbsvc","cosine",NA,NA,15,NA,"Bicubic","4"
"432","rbsvc","ndiff",NA,NA,15,NA,"Bicubic","4"
"433","rbsvc","sigmoid",NA,NA,15,NA,"Bicubic","4"
"434","rbsvc","radial_basis",NA,NA,15,NA,"Bicubic","4"
"435","pksvc","minkowski",NA,NA,15,NA,"Bicubic","4"
"436","pksvc","polynomial",NA,NA,15,NA,"Bicubic","4"
"437","pksvc","distance",NA,NA,15,NA,"Bicubic","4"
"438","pksvc","cosine",NA,NA,15,NA,"Bicubic","4"
"439","pksvc","ndiff",NA,NA,15,NA,"Bicubic","4"
"440","pksvc","sigmoid",NA,NA,15,NA,"Bicubic","4"
"441","pksvc","radial_basis",NA,NA,15,NA,"Bicubic","4"
"442","svc","minkowski",0.25769,0.0196137619324508,15,0.0420673354927095,"Bicubic","6"
"443","svc","polynomial",0.296369333333333,0.0226275282617898,15,0.0485312213963706,"Bicubic","6"
"444","svc","distance",0.25763,0.0332010430128762,15,0.0712091550790034,"Bicubic","6"
"445","svc","cosine",0.377731333333333,0.0384536548266067,15,0.0824748869738922,"Bicubic","6"
"446","svc","ndiff",0.897858,0.00508830900903519,15,0.0109133374265909,"Bicubic","6"
"447","svc","sigmoid",0.892282666666667,0.0213593922019821,15,0.0458113400568266,"Bicubic","6"
"448","svc","radial_basis",0.484182666666667,0.0601270315328504,15,0.128959656815671,"Bicubic","6"
"449","qdc","minkowski",0.9,0,15,0,"Bicubic","6"
"450","qdc","polynomial",0.9,0,15,0,"Bicubic","6"
"451","qdc","distance",0.9,0,15,0,"Bicubic","6"
"452","qdc","cosine",0.9,0,15,0,"Bicubic","6"
"453","qdc","ndiff",0.9,0,15,0,"Bicubic","6"
"454","qdc","sigmoid",0.89891,0.00190947262726799,15,0.00409541147190781,"Bicubic","6"
"455","qdc","radial_basis",0.9,0,15,0,"Bicubic","6"
"456","parzen","minkowski",0.288680666666667,0.01409176074706,15,0.0302238208596169,"Bicubic","6"
"457","parzen","polynomial",0.36241,0.0150011575743817,15,0.0321742830688911,"Bicubic","6"
"458","parzen","distance",0.26821,0.0211715013975998,15,0.0454083543608053,"Bicubic","6"
"459","parzen","cosine",0.219446666666667,0.0170275611317428,15,0.0365204864430686,"Bicubic","6"
"460","parzen","ndiff",0.742658666666667,0.0185691275534215,15,0.0398268175828262,"Bicubic","6"
"461","parzen","sigmoid",0.414822666666667,0.0276016010060148,15,0.0591995464029192,"Bicubic","6"
"462","parzen","radial_basis",0.228834,0.0180207149850229,15,0.038650589606638,"Bicubic","6"
"463","loglc","minkowski",0.284955333333333,0.0181365171749731,15,0.038898960602075,"Bicubic","6"
"464","loglc","polynomial",0.368220666666667,0.023155590644491,15,0.0496638025651783,"Bicubic","6"
"465","loglc","distance",0.164490666666667,0.0178336886123934,15,0.0382494579323327,"Bicubic","6"
"466","loglc","cosine",0.339556666666667,0.0328053048120197,15,0.0703603810539058,"Bicubic","6"
"467","loglc","ndiff",0.752385333333333,0.0180894270092728,15,0.0387979622415491,"Bicubic","6"
"468","loglc","sigmoid",0.766510666666667,0.0420963679238596,15,0.0902877295327841,"Bicubic","6"
"469","loglc","radial_basis",0.198821333333333,0.0287188616135973,15,0.0615958320809971,"Bicubic","6"
"470","knnc","minkowski",0.30398,0.0188275189929149,15,0.0403810121025235,"Bicubic","6"
"471","knnc","polynomial",0.376780666666667,0.021126529181058,15,0.0453118985494402,"Bicubic","6"
"472","knnc","distance",0.281939333333333,0.0258300623489836,15,0.0553999738741869,"Bicubic","6"
"473","knnc","cosine",0.234175333333333,0.0272340398521164,15,0.0584112061330423,"Bicubic","6"
"474","knnc","ndiff",0.754028,0.0239525257242619,15,0.0513730583154057,"Bicubic","6"
"475","knnc","sigmoid",0.402835333333333,0.0254012268732569,15,0.0544802132545413,"Bicubic","6"
"476","knnc","radial_basis",0.247724666666667,0.0346074564357507,15,0.0742256118660934,"Bicubic","6"
"477","bpxnc","minkowski",0.856687333333333,0.0906346075078126,15,0.194391899647412,"Bicubic","6"
"478","bpxnc","polynomial",0.852484666666667,0.067285940037029,15,0.144313988475455,"Bicubic","6"
"479","bpxnc","distance",0.852822,0.071399174084859,15,0.153135998105531,"Bicubic","6"
"480","bpxnc","cosine",0.853071333333333,0.10133359158645,15,0.217338938273518,"Bicubic","6"
"481","bpxnc","ndiff",0.9,3.77964473009186e-05,15,8.10653170215969e-05,"Bicubic","6"
"482","bpxnc","sigmoid",0.888869333333333,0.0221428500122876,15,0.0474916899389151,"Bicubic","6"
"483","bpxnc","radial_basis",0.748539333333333,0.141951886741684,15,0.304456517008379,"Bicubic","6"
"484","fisher","minkowski",0.283145333333333,0.0177294326984685,15,0.0380258512360099,"Bicubic","6"
"485","fisher","polynomial",0.298148,0.019910050297705,15,0.0427028108342916,"Bicubic","6"
"486","fisher","distance",0.164033333333333,0.0176932790575835,15,0.03794830938832,"Bicubic","6"
"487","fisher","cosine",0.286578666666667,0.0267979332536423,15,0.0574758505061218,"Bicubic","6"
"488","fisher","ndiff",0.750937333333333,0.0197217477734123,15,0.0422989420868874,"Bicubic","6"
"489","fisher","sigmoid",0.76981,0.0427190703483652,15,0.0916232934033978,"Bicubic","6"
"490","fisher","radial_basis",0.186862,0.0218012359413733,15,0.0467590006272127,"Bicubic","6"
"491","rbsvc","minkowski",NA,NA,15,NA,"Bicubic","6"
"492","rbsvc","polynomial",NA,NA,15,NA,"Bicubic","6"
"493","rbsvc","distance",NA,NA,15,NA,"Bicubic","6"
"494","rbsvc","cosine",NA,NA,15,NA,"Bicubic","6"
"495","rbsvc","ndiff",NA,NA,15,NA,"Bicubic","6"
"496","rbsvc","sigmoid",NA,NA,15,NA,"Bicubic","6"
"497","rbsvc","radial_basis",NA,NA,15,NA,"Bicubic","6"
"498","pksvc","minkowski",NA,NA,15,NA,"Bicubic","6"
"499","pksvc","polynomial",NA,NA,15,NA,"Bicubic","6"
"500","pksvc","distance",NA,NA,15,NA,"Bicubic","6"
"501","pksvc","cosine",NA,NA,15,NA,"Bicubic","6"
"502","pksvc","ndiff",NA,NA,15,NA,"Bicubic","6"
"503","pksvc","sigmoid",NA,NA,15,NA,"Bicubic","6"
"504","pksvc","radial_basis",NA,NA,15,NA,"Bicubic","6"
"505","svc","minkowski",0.256915333333333,0.0169394091930481,15,0.0363314193384421,"BicubicOnlySVC","6"
"506","svc","polynomial",0.295145333333333,0.0163737232290323,15,0.035118143613279,"BicubicOnlySVC","6"
"507","svc","distance",0.238848,0.0266586314620344,15,0.0571770778778782,"BicubicOnlySVC","6"
"508","svc","cosine",0.377446666666667,0.0528206959799805,15,0.113289125584416,"BicubicOnlySVC","6"
"509","svc","ndiff",0.899192,0.00229145992141008,15,0.00491469273533751,"BicubicOnlySVC","6"
"510","svc","sigmoid",0.896033333333333,0.00882284345699654,15,0.0189231171961489,"BicubicOnlySVC","6"
"511","svc","radial_basis",0.495232666666667,0.0404349868778206,15,0.0867244215816807,"BicubicOnlySVC","6"
"512","qdc","minkowski",NA,NA,15,NA,"BicubicOnlySVC","6"
"513","qdc","polynomial",NA,NA,15,NA,"BicubicOnlySVC","6"
"514","qdc","distance",NA,NA,15,NA,"BicubicOnlySVC","6"
"515","qdc","cosine",NA,NA,15,NA,"BicubicOnlySVC","6"
"516","qdc","ndiff",NA,NA,15,NA,"BicubicOnlySVC","6"
"517","qdc","sigmoid",NA,NA,15,NA,"BicubicOnlySVC","6"
"518","qdc","radial_basis",NA,NA,15,NA,"BicubicOnlySVC","6"
"519","parzen","minkowski",NA,NA,15,NA,"BicubicOnlySVC","6"
"520","parzen","polynomial",NA,NA,15,NA,"BicubicOnlySVC","6"
"521","parzen","distance",NA,NA,15,NA,"BicubicOnlySVC","6"
"522","parzen","cosine",NA,NA,15,NA,"BicubicOnlySVC","6"
"523","parzen","ndiff",NA,NA,15,NA,"BicubicOnlySVC","6"
"524","parzen","sigmoid",NA,NA,15,NA,"BicubicOnlySVC","6"
"525","parzen","radial_basis",NA,NA,15,NA,"BicubicOnlySVC","6"
"526","loglc","minkowski",NA,NA,15,NA,"BicubicOnlySVC","6"
"527","loglc","polynomial",NA,NA,15,NA,"BicubicOnlySVC","6"
"528","loglc","distance",NA,NA,15,NA,"BicubicOnlySVC","6"
"529","loglc","cosine",NA,NA,15,NA,"BicubicOnlySVC","6"
"530","loglc","ndiff",NA,NA,15,NA,"BicubicOnlySVC","6"
"531","loglc","sigmoid",NA,NA,15,NA,"BicubicOnlySVC","6"
"532","loglc","radial_basis",NA,NA,15,NA,"BicubicOnlySVC","6"
"533","knnc","minkowski",NA,NA,15,NA,"BicubicOnlySVC","6"
"534","knnc","polynomial",NA,NA,15,NA,"BicubicOnlySVC","6"
"535","knnc","distance",NA,NA,15,NA,"BicubicOnlySVC","6"
"536","knnc","cosine",NA,NA,15,NA,"BicubicOnlySVC","6"
"537","knnc","ndiff",NA,NA,15,NA,"BicubicOnlySVC","6"
"538","knnc","sigmoid",NA,NA,15,NA,"BicubicOnlySVC","6"
"539","knnc","radial_basis",NA,NA,15,NA,"BicubicOnlySVC","6"
"540","bpxnc","minkowski",NA,NA,15,NA,"BicubicOnlySVC","6"
"541","bpxnc","polynomial",NA,NA,15,NA,"BicubicOnlySVC","6"
"542","bpxnc","distance",NA,NA,15,NA,"BicubicOnlySVC","6"
"543","bpxnc","cosine",NA,NA,15,NA,"BicubicOnlySVC","6"
"544","bpxnc","ndiff",NA,NA,15,NA,"BicubicOnlySVC","6"
"545","bpxnc","sigmoid",NA,NA,15,NA,"BicubicOnlySVC","6"
"546","bpxnc","radial_basis",NA,NA,15,NA,"BicubicOnlySVC","6"
"547","fisher","minkowski",NA,NA,15,NA,"BicubicOnlySVC","6"
"548","fisher","polynomial",NA,NA,15,NA,"BicubicOnlySVC","6"
"549","fisher","distance",NA,NA,15,NA,"BicubicOnlySVC","6"
"550","fisher","cosine",NA,NA,15,NA,"BicubicOnlySVC","6"
"551","fisher","ndiff",NA,NA,15,NA,"BicubicOnlySVC","6"
"552","fisher","sigmoid",NA,NA,15,NA,"BicubicOnlySVC","6"
"553","fisher","radial_basis",NA,NA,15,NA,"BicubicOnlySVC","6"
"554","rbsvc","minkowski",0.254302666666667,0.0209897660324082,15,0.0450185707688185,"BicubicOnlySVC","6"
"555","rbsvc","polynomial",0.293393333333333,0.0275172734495124,15,0.0590186817823082,"BicubicOnlySVC","6"
"556","rbsvc","distance",0.230646,0.0148982481232814,15,0.0319535642481103,"BicubicOnlySVC","6"
"557","rbsvc","cosine",0.197885333333333,0.0256084840480278,15,0.0549247356839655,"BicubicOnlySVC","6"
"558","rbsvc","ndiff",0.782504666666667,0.0201987608766573,15,0.0433220334406895,"BicubicOnlySVC","6"
"559","rbsvc","sigmoid",0.331864,0.0252767012427311,15,0.0542131323398851,"BicubicOnlySVC","6"
"560","rbsvc","radial_basis",0.308492,0.0676185338286986,15,0.145027331212312,"BicubicOnlySVC","6"
"561","pksvc","minkowski",0.254322666666667,0.020958128483331,15,0.0449507149747193,"BicubicOnlySVC","6"
"562","pksvc","polynomial",0.292775333333333,0.0275768940203483,15,0.0591465551889632,"BicubicOnlySVC","6"
"563","pksvc","distance",0.230558666666667,0.0148433269598866,15,0.0318357700679761,"BicubicOnlySVC","6"
"564","pksvc","cosine",0.197844,0.0255993894458442,15,0.0549052297022702,"BicubicOnlySVC","6"
"565","pksvc","ndiff",0.765422666666667,0.0181120462939001,15,0.038846475782108,"BicubicOnlySVC","6"
"566","pksvc","sigmoid",0.331144666666667,0.0248902235158037,15,0.0533842200559944,"BicubicOnlySVC","6"
"567","pksvc","radial_basis",0.289569333333333,0.0392621439751297,15,0.0842089237369703,"BicubicOnlySVC","6"
"568","svc","minkowski",0.270363333333333,0.0224573454946631,15,0.0481662156629244,"Bicubic","8"
"569","svc","polynomial",0.310006666666667,0.0328001264515565,15,0.0703492745753189,"Bicubic","8"
"570","svc","distance",0.261226,0.0341252455354851,15,0.0731913723464348,"Bicubic","8"
"571","svc","cosine",0.383374,0.058633479928889,15,0.125756307217777,"Bicubic","8"
"572","svc","ndiff",0.897138,0.0100681961783487,15,0.0215941331346671,"Bicubic","8"
"573","svc","sigmoid",0.89604,0.01228910958067,15,0.0263575186349841,"Bicubic","8"
"574","svc","radial_basis",0.804161333333333,0.0910761328988529,15,0.195338877428493,"Bicubic","8"
"575","qdc","minkowski",0.9,0,15,0,"Bicubic","8"
"576","qdc","polynomial",0.9,0,15,0,"Bicubic","8"
"577","qdc","distance",0.9,0,15,0,"Bicubic","8"
"578","qdc","cosine",0.9,0,15,0,"Bicubic","8"
"579","qdc","ndiff",0.9,0,15,0,"Bicubic","8"
"580","qdc","sigmoid",0.870632666666667,0.0286261055848046,15,0.0613968901852184,"Bicubic","8"
"581","qdc","radial_basis",0.9,0,15,0,"Bicubic","8"
"582","parzen","minkowski",0.30039,0.01752610298139,15,0.0375897523655617,"Bicubic","8"
"583","parzen","polynomial",0.355859333333333,0.012950633446541,15,0.0277763462162442,"Bicubic","8"
"584","parzen","distance",0.270721333333333,0.0132274583816429,15,0.0283700766519345,"Bicubic","8"
"585","parzen","cosine",0.233972,0.0279665877687746,15,0.0599823651529526,"Bicubic","8"
"586","parzen","ndiff",0.556598666666667,0.0246343670702614,15,0.0528354625575774,"Bicubic","8"
"587","parzen","sigmoid",0.570714,0.0231246278116767,15,0.049597393893538,"Bicubic","8"
"588","parzen","radial_basis",0.306033333333333,0.0295753895437857,15,0.0634329017834949,"Bicubic","8"
"589","loglc","minkowski",0.268646666666667,0.0151231382167793,15,0.0324359055268891,"Bicubic","8"
"590","loglc","polynomial",0.479204666666667,0.0350557439488812,15,0.0751870929566156,"Bicubic","8"
"591","loglc","distance",0.176101333333333,0.0149854376296584,15,0.0321405671407138,"Bicubic","8"
"592","loglc","cosine",0.465771333333333,0.0467946281817333,15,0.100364495590245,"Bicubic","8"
"593","loglc","ndiff",0.570748,0.0181171289116129,15,0.0388573769129181,"Bicubic","8"
"594","loglc","sigmoid",0.847886666666667,0.0275518507718153,15,0.0590928427628874,"Bicubic","8"
"595","loglc","radial_basis",0.311114666666667,0.0308712797334505,15,0.0662123098112914,"Bicubic","8"
"596","knnc","minkowski",0.311690666666667,0.0269891225355345,15,0.0578859107327968,"Bicubic","8"
"597","knnc","polynomial",0.377986666666667,0.0295538797710861,15,0.0633867679093486,"Bicubic","8"
"598","knnc","distance",0.277562666666667,0.0210927778657824,15,0.0452395091777373,"Bicubic","8"
"599","knnc","cosine",0.245420666666667,0.038432067426391,15,0.0824285866052829,"Bicubic","8"
"600","knnc","ndiff",0.567953333333333,0.0201253229491982,15,0.043164524751487,"Bicubic","8"
"601","knnc","sigmoid",0.493056666666667,0.0260877419672991,15,0.0559526416892978,"Bicubic","8"
"602","knnc","radial_basis",0.247676,0.0294831222421042,15,0.0632350081031183,"Bicubic","8"
"603","bpxnc","minkowski",0.851643333333333,0.0709121331212757,15,0.152091399130367,"Bicubic","8"
"604","bpxnc","polynomial",0.869401333333333,0.0598366060757683,15,0.128336756161489,"Bicubic","8"
"605","bpxnc","distance",0.871796666666667,0.0732939951415498,15,0.157199985083908,"Bicubic","8"
"606","bpxnc","cosine",0.860538,0.0677583709325171,15,0.145327251971059,"Bicubic","8"
"607","bpxnc","ndiff",0.884740666666667,0.0355092954563946,15,0.0761598641922153,"Bicubic","8"
"608","bpxnc","sigmoid",0.892532,0.02163884971857,15,0.0464107168182428,"Bicubic","8"
"609","bpxnc","radial_basis",0.863023333333333,0.0427240508824892,15,0.0916339755866857,"Bicubic","8"
"610","fisher","minkowski",0.266854666666667,0.0139872921236521,15,0.0299997579468266,"Bicubic","8"
"611","fisher","polynomial",0.422411333333333,0.0331983430883158,15,0.0712033643167477,"Bicubic","8"
"612","fisher","distance",0.175825333333333,0.0155841801043176,15,0.0334247420298539,"Bicubic","8"
"613","fisher","cosine",0.411556,0.0349431270168296,15,0.074945553659917,"Bicubic","8"
"614","fisher","ndiff",0.570162,0.0166698668261027,15,0.0357533084579877,"Bicubic","8"
"615","fisher","sigmoid",0.847454666666667,0.0271168284246061,15,0.0581598126236462,"Bicubic","8"
"616","fisher","radial_basis",0.313386666666667,0.0313082489510505,15,0.0671495155722296,"Bicubic","8"
"617","rbsvc","minkowski",NA,NA,15,NA,"Bicubic","8"
"618","rbsvc","polynomial",NA,NA,15,NA,"Bicubic","8"
"619","rbsvc","distance",NA,NA,15,NA,"Bicubic","8"
"620","rbsvc","cosine",NA,NA,15,NA,"Bicubic","8"
"621","rbsvc","ndiff",NA,NA,15,NA,"Bicubic","8"
"622","rbsvc","sigmoid",NA,NA,15,NA,"Bicubic","8"
"623","rbsvc","radial_basis",NA,NA,15,NA,"Bicubic","8"
"624","pksvc","minkowski",NA,NA,15,NA,"Bicubic","8"
"625","pksvc","polynomial",NA,NA,15,NA,"Bicubic","8"
"626","pksvc","distance",NA,NA,15,NA,"Bicubic","8"
"627","pksvc","cosine",NA,NA,15,NA,"Bicubic","8"
"628","pksvc","ndiff",NA,NA,15,NA,"Bicubic","8"
"629","pksvc","sigmoid",NA,NA,15,NA,"Bicubic","8"
"630","pksvc","radial_basis",NA,NA,15,NA,"Bicubic","8"
